USE pet_society_test;

INSERT INTO users (active, creation_date, last_login, updated_at, password, email, name, user_name, biography, photo) VALUES 
(true, '2025-02-07 09:52:00', '2025-02-07 09:52:00', '2025-02-07 09:52:00', '1Qqazxsw', 'felix@mascota.com', 'Felix', 'felix01', 'My new biography', 'https://i.pinimg.com/236x/1b/9a/75/1b9a75b3866914a1b33fd1a4f8d77843.jpg'),
(true, '2025-02-07 09:52:00', '2025-02-07 09:52:00', '2025-02-07 09:52:00', '1Qqazxsw', 'buddy@mascota.com', 'Buddy', 'buddy02', 'My new biography', 'https://i.pinimg.com/originals/a0/1f/ea/a01fead5c620ea30a675185eb3f35844.jpg'),
(true, '2025-02-07 09:52:00', '2025-02-07 09:52:00', '2025-02-07 09:52:00', '1Qqazxsw', 'bella@mascota.com', 'Bella', 'bella03', 'My new biography', 'https://images.pexels.com/photos/16211565/pexels-photo-16211565.jpeg?cs=srgb&dl=pexels-alina-levkovich-211351037-16211565.jpg&fm=jpg'),
(true, '2025-02-07 09:52:00', '2025-02-07 09:52:00', '2025-02-07 09:52:00', '1Qqazxsw', 'max@mascota.com', 'Max', 'max04', 'My new biography', 'https://i.pinimg.com/736x/15/ef/42/15ef42f5631066810807ac9094743ac2.jpg'),
(true, '2025-02-07 09:52:00', '2025-02-07 09:52:00', '2025-02-07 09:52:00', '1Qqazxsw', 'charlie@mascota.com', 'Charlie', 'charlie05', 'My new biography', 'https://thumbs.dreamstime.com/z/retrato-del-perro-de-monta%C3%B1a-de-bernese-en-el-paisaje-de-las-flores-vertical-31372702.jpg'),
(true, '2025-02-07 09:52:00', '2025-02-07 09:52:00', '2025-02-07 09:52:00', '1Qqazxsw', 'luna@mascota.com', 'Luna', 'luna06', 'My new biography', 'https://thumbs.dreamstime.com/b/retrato-de-perro-cachorro-blanco-samoyed-laika-raza-captura-vertical-cierre-estudio-212695026.jpg'),
(true, '2025-02-07 09:52:00', '2025-02-07 09:52:00', '2025-02-07 09:52:00', '1Qqazxsw', 'rocky@mascota.com', 'Rocky', 'rocky07', 'My new biography', ''),
(true, '2025-02-07 09:52:00', '2025-02-07 09:52:00', '2025-02-07 09:52:00', '1Qqazxsw', 'cooper@mascota.com', 'Cooper', 'cooper08', 'My new biography', 'https://img.freepik.com/fotos-premium/gato_646135-1920.jpg'),
(true, '2025-02-07 09:52:00', '2025-02-07 09:52:00', '2025-02-07 09:52:00', '1Qqazxsw', 'daisy@mascota.com', 'Daisy', 'daisy09', 'My new biography', 'https://encrypted-tbn0.gstatic.com/images?q=tbn:ANd9GcSpG8TQTJ1SzEIcFqb6OHkHQB2orB-Hb_SllA&s'),
(true, '2025-02-07 09:52:00', '2025-02-07 09:52:00', '2025-02-07 09:52:00', '1Qqazxsw', 'simba@mascota.com', 'Simba', 'simba10', 'My new biography', ''),
(true, '2025-02-07 09:52:00', '2025-02-07 09:52:00', '2025-02-07 09:52:00', '1Qqazxsw', 'molly@mascota.com', 'Molly', 'molly11', 'My new biography', 'https://th.bing.com/th/id/OIP.YW6fFhq6NDDDgWNKZAR2igHaLH?rs=1&pid=ImgDetMain'),
(true, '2025-02-07 09:52:00', '2025-02-07 09:52:00', '2025-02-07 09:52:00', '1Qqazxsw', 'bailey@mascota.com', 'Bailey', 'bailey12', 'My new biography', 'https://img.zcool.cn/community/0180d75c9a3ddfa801214168fe2871.jpg?x-oss-process=image/auto-orient,1/resize,m_lfit,w_1280,limit_1/sharpen,100'),
(true, '2025-02-07 09:52:00', '2025-02-07 09:52:00', '2025-02-07 09:52:00', '1Qqazxsw', 'chloe@mascota.com', 'Chloe', 'chloe13', 'My new biography', 'https://www.google.com/url?sa=i&url=https%3A%2F%2Far.pinterest.com%2Fpin%2F665758757445664480%2F&psig=AOvVaw3CNMbP1paFHypjYhqhAS0N&ust=1739028888963000&source=images&cd=vfe&opi=89978449&ved=0CBQQjRxqFwoTCPD-xM_xsYsDFQAAAAAdAAAAABAJ'),
(true, '2025-02-07 09:52:00', '2025-02-07 09:52:00', '2025-02-07 09:52:00', '1Qqazxsw', 'buster@mascota.com', 'Buster', 'buster14', 'My new biography', 'https://media.istockphoto.com/id/462653515/es/foto/jack-russell-terrier-perro-blanco-con-manchas-de-color-marr%C3%B3n.jpg?s=170667a&w=0&k=20&c=QlH4xO0PxAKjMy0C-cILLtGtPHytUs0zpnmI2n4GVfc='),
(true, '2025-02-07 09:52:00', '2025-02-07 09:52:00', '2025-02-07 09:52:00', '1Qqazxsw', 'milo@mascota.com', 'Milo', 'milo15', 'My new biography', 'https://th.bing.com/th/id/R.fad3a349d6953d4ce5cd87cc3c65a91b?rik=uRKebJx%2fje6CFA&pid=ImgRaw&r=0'),
(true, '2025-02-07 09:52:00', '2025-02-07 09:52:00', '2025-02-07 09:52:00', '1Qqazxsw', 'coco@mascota.com', 'Coco', 'coco16', 'My new biography', 'https://cmkt-image-prd.global.ssl.fastly.net/0.1.0/ps/891840/1360/2040/m1/fpnw/wm1/yyj776dglsimoodseeglsn7v47xfxbhc0qgqmdln4yslpo2rl5ahi6atmstouome-.jpg?1452351043&s=168ed7913db4a3f56d2455fe8b4c7354'),
(true, '2025-02-07 09:52:00', '2025-02-07 09:52:00', '2025-02-07 09:52:00', '1Qqazxsw', 'lola@mascota.com', 'Lola', 'lola17', 'My new biography', 'https://th.bing.com/th/id/OIP.M59FWTXXlP6bPDIz6HllCAHaLI?rs=1&pid=ImgDetMain'),
(true, '2025-02-07 09:52:00', '2025-02-07 09:52:00', '2025-02-07 09:52:00', '1Qqazxsw', 'teddy@mascota.com', 'Teddy', 'teddy18', 'My new biography', 'https://hips.hearstapps.com/hmg-prod/images/couple-of-chow-chow-dogs-sitting-on-a-meadow-royalty-free-image-1657914203.jpg?crop=1.00xw:0.861xh;0,0.0976xh&resize=980:*'),
(true, '2025-02-07 09:52:00', '2025-02-07 09:52:00', '2025-02-07 09:52:00', '1Qqazxsw', 'lucky@mascota.com', 'Lucky', 'lucky19', 'My new biography', 'https://th.bing.com/th/id/R.8cfb9b25332a4d6a688ab70ad5785333?rik=i3yZ90Ad9%2fuH6A&riu=http%3a%2f%2fgifette.g.i.pic.centerblog.net%2f774cf85fb2cec12091f538ffd40d4431.jpg&ehk=KPHHW2birWTvyXT28GMazciS5xsEImnc1IHxbXuxa3Y%3d&risl=&pid=ImgRaw&r=0'),
(true, '2025-02-07 09:52:00', '2025-02-07 09:52:00', '2025-02-07 09:52:00', '1Qqazxsw', 'rufus@mascota.com', 'Rufus', 'rufus20', 'My new biography', 'https://i.pinimg.com/originals/ff/d5/14/ffd5145563cb23db237bcdc062acafec.jpg');

INSERT INTO post (created_at, id_user_id_user, update_at, discription, photo) VALUES 
('2025-02-07 10:00:00', 1, '2025-02-07 10:00:00', 'Felix disfrutando del sol', 'https://i.pinimg.com/236x/1b/9a/75/1b9a75b3866914a1b33fd1a4f8d77843.jpg'),
('2025-02-07 10:05:00', 1, '2025-02-07 10:05:00', 'Felix explorando el parque', 'https://i.pinimg.com/236x/1b/9a/75/1b9a75b3866914a1b33fd1a4f8d77843.jpg'),

('2025-02-07 10:10:00', 2, '2025-02-07 10:10:00', 'Buddy en su día de spa', 'https://i.pinimg.com/originals/a0/1f/ea/a01fead5c620ea30a675185eb3f35844.jpg'),
('2025-02-07 10:15:00', 2, '2025-02-07 10:15:00', 'Buddy con su juguete favorito', 'https://i.pinimg.com/originals/a0/1f/ea/a01fead5c620ea30a675185eb3f35844.jpg'),

('2025-02-07 10:20:00', 3, '2025-02-07 10:20:00', 'Bella lista para un paseo', 'https://images.pexels.com/photos/16211565/pexels-photo-16211565.jpeg'),
('2025-02-07 10:25:00', 3, '2025-02-07 10:25:00', 'Bella disfrutando su siesta', 'https://images.pexels.com/photos/16211565/pexels-photo-16211565.jpeg'),

('2025-02-07 10:30:00', 4, '2025-02-07 10:30:00', 'Max jugando en el jardín', 'https://i.pinimg.com/736x/15/ef/42/15ef42f5631066810807ac9094743ac2.jpg'),
('2025-02-07 10:35:00', 4, '2025-02-07 10:35:00', 'Max posando para la cámara', 'https://i.pinimg.com/736x/15/ef/42/15ef42f5631066810807ac9094743ac2.jpg'),

('2025-02-07 10:40:00', 5, '2025-02-07 10:40:00', 'Charlie con sus amigos', 'https://thumbs.dreamstime.com/z/retrato-del-perro-de-monta%C3%B1a-de-bernese-en-el-paisaje-de-las-flores-vertical-31372702.jpg'),
('2025-02-07 10:45:00', 5, '2025-02-07 10:45:00', 'Charlie disfrutando el atardecer', 'https://thumbs.dreamstime.com/z/retrato-del-perro-de-monta%C3%B1a-de-bernese-en-el-paisaje-de-las-flores-vertical-31372702.jpg'),

('2025-02-07 10:50:00', 6, '2025-02-07 10:50:00', 'Luna explorando nuevos lugares', 'https://thumbs.dreamstime.com/b/retrato-de-perro-cachorro-blanco-samoyed-laika-raza-captura-vertical-cierre-estudio-212695026.jpg'),
('2025-02-07 10:55:00', 6, '2025-02-07 10:55:00', 'Luna con su pelota preferida', 'https://thumbs.dreamstime.com/b/retrato-de-perro-cachorro-blanco-samoyed-laika-raza-captura-vertical-cierre-estudio-212695026.jpg'),

('2025-02-07 11:00:00', 7, '2025-02-07 11:00:00', 'Rocky después de un baño', 'https://www.vetcentercabreuva.com.br/assets/img/cuidado_novo-1.png'),
('2025-02-07 11:05:00', 7, '2025-02-07 11:05:00', 'Rocky y su mejor amigo', 'https://www.vetcentercabreuva.com.br/assets/img/cuidado_novo-1.png'),

('2025-02-07 11:10:00', 8, '2025-02-07 11:10:00', 'Cooper en su siesta', 'https://img.freepik.com/fotos-premium/gato_646135-1920.jpg'),
('2025-02-07 11:15:00', 8, '2025-02-07 11:15:00', 'Cooper viendo la lluvia', 'https://img.freepik.com/fotos-premium/gato_646135-1920.jpg'),

('2025-02-07 11:20:00', 9, '2025-02-07 11:20:00', 'Daisy corriendo en el parque', 'https://encrypted-tbn0.gstatic.com/images?q=tbn:ANd9GcSpG8TQTJ1SzEIcFqb6OHkHQB2orB-Hb_SllA&s'),
('2025-02-07 11:25:00', 9, '2025-02-07 11:25:00', 'Daisy con su nuevo collar', 'https://encrypted-tbn0.gstatic.com/images?q=tbn:ANd9GcSpG8TQTJ1SzEIcFqb6OHkHQB2orB-Hb_SllA&s'),

('2025-02-07 11:30:00', 10, '2025-02-07 11:30:00', 'Simba relajado en casa', 'https://4.bp.blogspot.com/-ghcdCNXYPNM/WLHVtv86Z6I/AAAAAAAAheM/x-5-maJvpCc_pd7gl3yIDeNjbtCpm_69gCLcB/s1600/Ariadne2feb17.JPG'),
('2025-02-07 11:35:00', 10, '2025-02-07 11:35:00', 'Simba observando el exterior', 'https://i1.wp.com/www.islaanimals.org/ia/wp-content/uploads/2023/01/SIMBA-2-scaled.jpg?ssl=1'),

('2025-02-07 11:40:00', 11, '2025-02-07 11:40:00', 'Molly explorando el bosque', 'https://th.bing.com/th/id/OIP.YW6fFhq6NDDDgWNKZAR2igHaLH?rs=1&pid=ImgDetMain'),
('2025-02-07 11:45:00', 11, '2025-02-07 11:45:00', 'Molly y sus aventuras', 'https://th.bing.com/th/id/OIP.YW6fFhq6NDDDgWNKZAR2igHaLH?rs=1&pid=ImgDetMain');


INSERT INTO comment (created_at, id_post_id_post, id_user_id_user, update_at, content) VALUES
('2025-02-07 10:00:00', 1, 20, '2025-02-07 11:00:00', 'Great post! Very informative.'),
('2025-02-07 10:15:00', 2, 19, '2025-02-07 11:15:00', 'I really enjoyed reading this.'),
('2025-02-07 10:30:00', 3, 18, '2025-02-07 11:30:00', 'Thanks for sharing this.'),
('2025-02-07 10:45:00', 4, 17, '2025-02-07 11:45:00', 'This was helpful, appreciate it!'),
('2025-02-07 11:00:00', 5, 16, '2025-02-07 12:00:00', 'Nice write-up, well done.'),
('2025-02-07 10:00:00', 6, 15, '2025-02-07 11:00:00', 'Great post! Very informative.'),
('2025-02-07 10:15:00', 7, 14, '2025-02-07 11:15:00', 'I really enjoyed reading this.'),
('2025-02-07 10:30:00', 8, 13, '2025-02-07 11:30:00', 'Thanks for sharing this.'),
('2025-02-07 10:45:00', 9, 12, '2025-02-07 11:45:00', 'This was helpful, appreciate it!'),
('2025-02-07 11:00:00', 10, 11, '2025-02-07 12:00:00', 'Nice write-up, well done.'),
('2025-02-07 10:00:00', 11, 10, '2025-02-07 11:00:00', 'Great post! Very informative.'),
('2025-02-07 10:15:00', 12, 9, '2025-02-07 11:15:00', 'I really enjoyed reading this.'),
('2025-02-07 10:30:00', 13, 8, '2025-02-07 11:30:00', 'Thanks for sharing this.'),
('2025-02-07 10:45:00', 14, 7, '2025-02-07 11:45:00', 'This was helpful, appreciate it!'),
('2025-02-07 11:00:00', 15, 6, '2025-02-07 12:00:00', 'Nice write-up, well done.'),
('2025-02-07 10:00:00', 16, 5, '2025-02-07 11:00:00', 'Great post! Very informative.'),
('2025-02-07 10:15:00', 17, 4, '2025-02-07 11:15:00', 'I really enjoyed reading this.'),
('2025-02-07 10:30:00', 18, 3, '2025-02-07 11:30:00', 'Thanks for sharing this.'),
('2025-02-07 10:45:00', 19, 2, '2025-02-07 11:45:00', 'This was helpful, appreciate it!'),
('2025-02-07 11:00:00', 20, 1, '2025-02-07 12:00:00', 'Nice write-up, well done.'),
('2025-02-07 10:00:00', 21, 1, '2025-02-07 11:00:00', 'Great post! Very informative.'),
('2025-02-07 10:15:00', 22, 2, '2025-02-07 11:15:00', 'I really enjoyed reading this.'),
('2025-02-07 10:00:00', 1, 15, '2025-02-07 11:00:00', 'Great post! Very informative.'),
('2025-02-07 10:15:00', 2, 14, '2025-02-07 11:15:00', 'I really enjoyed reading this.'),
('2025-02-07 10:30:00', 3, 13, '2025-02-07 11:30:00', 'Thanks for sharing this.'),
('2025-02-07 10:45:00', 4, 12, '2025-02-07 11:45:00', 'This was helpful, appreciate it!'),
('2025-02-07 11:00:00', 5, 11, '2025-02-07 12:00:00', 'Nice write-up, well done.'),
('2025-02-07 10:00:00', 6, 10, '2025-02-07 11:00:00', 'Great post! Very informative.'),
('2025-02-07 10:15:00', 7, 9, '2025-02-07 11:15:00', 'I really enjoyed reading this.'),
('2025-02-07 10:30:00', 8, 20, '2025-02-07 11:30:00', 'Thanks for sharing this.'),
('2025-02-07 10:45:00', 9, 19, '2025-02-07 11:45:00', 'This was helpful, appreciate it!'),
('2025-02-07 11:00:00', 10, 18, '2025-02-07 12:00:00', 'Nice write-up, well done.'),
('2025-02-07 10:00:00', 11, 17, '2025-02-07 11:00:00', 'Great post! Very informative.'),
('2025-02-07 10:15:00', 12, 15, '2025-02-07 11:15:00', 'I really enjoyed reading this.'),
('2025-02-07 10:30:00', 13, 18, '2025-02-07 11:30:00', 'Thanks for sharing this.'),
('2025-02-07 10:45:00', 14, 17, '2025-02-07 11:45:00', 'This was helpful, appreciate it!'),
('2025-02-07 11:00:00', 15, 16, '2025-02-07 12:00:00', 'Nice write-up, well done.'),
('2025-02-07 10:00:00', 16, 15, '2025-02-07 11:00:00', 'Great post! Very informative.'),
('2025-02-07 10:15:00', 17, 14, '2025-02-07 11:15:00', 'I really enjoyed reading this.'),
('2025-02-07 10:30:00', 18, 13, '2025-02-07 11:30:00', 'Thanks for sharing this.'),
('2025-02-07 10:45:00', 19, 12, '2025-02-07 11:45:00', 'This was helpful, appreciate it!'),
('2025-02-07 11:00:00', 20, 11, '2025-02-07 12:00:00', 'Nice write-up, well done.'),
('2025-02-07 10:00:00', 21, 18, '2025-02-07 11:00:00', 'Great post! Very informative.'),
('2025-02-07 10:15:00', 22, 12, '2025-02-07 11:15:00', 'I really enjoyed reading this.');



INSERT INTO likes (id_comment_id_comment, id_post_id_post, id_user_id_user, reaction_date) VALUES
(NULL, 1, 20, '2025-02-07 12:00:00'),  --  LIKE POSTfollower_group 
(NULL, 2, 19, '2025-02-07 12:05:00'),  
(NULL, 3, 18, '2025-02-07 12:00:00'), 
(NULL, 4, 17, '2025-02-07 12:05:00'),  
(NULL, 5, 16, '2025-02-07 12:05:00'),  
(NULL, 6, 15, '2025-02-07 12:00:00'), 
(NULL, 7, 14, '2025-02-07 12:05:00'), 
(NULL, 8, 13, '2025-02-07 12:05:00'),  
(NULL, 9, 14, '2025-02-07 12:00:00'), 
(NULL, 10, 13, '2025-02-07 12:05:00'), 
(NULL, 11, 12, '2025-02-07 12:05:00'),  
(NULL, 12, 11, '2025-02-07 12:00:00'), 
(NULL, 13, 10, '2025-02-07 12:05:00'), 
(NULL, 14, 9, '2025-02-07 12:05:00'),  
(NULL, 15, 8, '2025-02-07 12:00:00'), 
(NULL, 16, 7, '2025-02-07 12:05:00'), 
(NULL, 17, 6, '2025-02-07 12:05:00'),  
(NULL, 18, 5, '2025-02-07 12:00:00'), 
(NULL, 19, 4, '2025-02-07 12:05:00'), 
(NULL, 20, 3, '2025-02-07 12:05:00'),  
(NULL, 21, 2, '2025-02-07 12:00:00'), 
(NULL, 22, 1, '2025-02-07 12:05:00'), 
(NULL, 1, 1, '2025-02-07 12:00:00'),  -- 
(NULL, 2, 2, '2025-02-07 12:05:00'),  
(NULL, 3, 3, '2025-02-07 12:00:00'), 
(NULL, 4, 4, '2025-02-07 12:05:00'),  
(NULL, 5, 5, '2025-02-07 12:05:00'),  
(NULL, 6, 6, '2025-02-07 12:00:00'),
(NULL, 7, 7, '2025-02-07 12:05:00'), 
(NULL, 8, 8, '2025-02-07 12:05:00'),  
(NULL, 9, 9, '2025-02-07 12:00:00'), 
(NULL, 10, 10, '2025-02-07 12:05:00'), 
(NULL, 11, 11, '2025-02-07 12:05:00'),  
(NULL, 12, 12, '2025-02-07 12:00:00'), 
(NULL, 13, 13, '2025-02-07 12:05:00'), 
(NULL, 14, 14, '2025-02-07 12:05:00'),  
(NULL, 15, 15, '2025-02-07 12:00:00'), 
(NULL, 16, 16, '2025-02-07 12:05:00'), 
(NULL, 17, 17, '2025-02-07 12:05:00'),  
(NULL, 18, 18, '2025-02-07 12:00:00'), 
(NULL, 19, 19, '2025-02-07 12:05:00'), 
(NULL, 20, 20, '2025-02-07 12:05:00'),  
(NULL, 21, 1, '2025-02-07 12:00:00'), 
(NULL, 22, 2, '2025-02-07 12:05:00'), 
(NULL, 1, 15, '2025-02-07 12:00:00'),  -- 
(NULL, 2, 14, '2025-02-07 12:05:00'),  
(NULL, 3, 13, '2025-02-07 12:00:00'), 
(NULL, 4, 12, '2025-02-07 12:05:00'),  
(NULL, 5, 11, '2025-02-07 12:05:00'),  
(NULL, 6, 10, '2025-02-07 12:00:00'), 
(NULL, 7, 5, '2025-02-07 12:05:00'), 
(NULL, 8, 4, '2025-02-07 12:05:00'),  
(NULL, 9, 3, '2025-02-07 12:00:00'), 
(NULL, 10, 2, '2025-02-07 12:05:00'), 
(NULL, 11, 1, '2025-02-07 12:05:00'),  
(NULL, 12, 9, '2025-02-07 12:00:00'), 
(NULL, 13, 8, '2025-02-07 12:05:00'), 
(NULL, 14, 7, '2025-02-07 12:05:00'),  
(NULL, 15, 6, '2025-02-07 12:00:00'), 
(NULL, 16, 20, '2025-02-07 12:05:00'), 
(NULL, 17, 19, '2025-02-07 12:05:00'),  
(NULL, 18, 16, '2025-02-07 12:00:00'), 
(NULL, 19, 17, '2025-02-07 12:05:00'), 
(NULL, 20, 18, '2025-02-07 12:05:00'),  
(NULL, 21, 19, '2025-02-07 12:00:00'), 
(NULL, 22, 20, '2025-02-07 12:05:00'), 

(1, NULL, 1, '2025-02-07 12:10:00'), -- LIKE COMMENTS
(2, NULL, 2, '2025-02-07 12:15:00'),  
(3, NULL, 3, '2025-02-07 12:10:00'),  
(4, NULL, 4, '2025-02-07 12:15:00'), 
(5, NULL, 5, '2025-02-07 12:10:00'),  
(6, NULL, 6, '2025-02-07 12:15:00'), 
(7, NULL, 7, '2025-02-07 12:10:00'),  
(8, NULL, 8, '2025-02-07 12:15:00'), 
(9, NULL, 9, '2025-02-07 12:10:00'),  
(10, NULL, 10, '2025-02-07 12:15:00'), 
(11, NULL, 11, '2025-02-07 12:10:00'),  
(12, NULL, 12, '2025-02-07 12:15:00'), 
(13, NULL, 13, '2025-02-07 12:10:00'),  
(14, NULL, 14, '2025-02-07 12:15:00'), 
(15, NULL, 15, '2025-02-07 12:10:00'),  
(16, NULL, 16, '2025-02-07 12:15:00'), 
(17, NULL, 17, '2025-02-07 12:10:00'),  
(18, NULL, 18, '2025-02-07 12:15:00'), 
(19, NULL, 19, '2025-02-07 12:10:00'),  
(20, NULL, 20, '2025-02-07 12:15:00'), 
(21, NULL, 1, '2025-02-07 12:10:00'),  
(22, NULL, 2, '2025-02-07 12:15:00'), 
(23, NULL, 3, '2025-02-07 12:10:00'),  
(24, NULL, 4, '2025-02-07 12:15:00'), 
(25, NULL, 5, '2025-02-07 12:10:00'),  
(26, NULL, 6, '2025-02-07 12:15:00'), 
(27, NULL, 7, '2025-02-07 12:10:00'),  
(28, NULL, 8, '2025-02-07 12:15:00'), 
(29, NULL, 9, '2025-02-07 12:10:00'),  
(30, NULL, 10, '2025-02-07 12:15:00'),
(1, NULL, 20, '2025-02-07 12:10:00'), -- 
(2, NULL, 19, '2025-02-07 12:15:00'),  
(3, NULL, 18, '2025-02-07 12:10:00'),  
(4, NULL, 17, '2025-02-07 12:15:00'), 
(5, NULL, 16, '2025-02-07 12:10:00'),  
(6, NULL, 15, '2025-02-07 12:15:00'), 
(7, NULL, 14, '2025-02-07 12:10:00'),  
(8, NULL, 13, '2025-02-07 12:15:00'), 
(9, NULL, 12, '2025-02-07 12:10:00'),  
(10, NULL, 11, '2025-02-07 12:15:00'), 
(11, NULL, 10, '2025-02-07 12:10:00'),  
(12, NULL, 9, '2025-02-07 12:15:00'), 
(13, NULL, 8, '2025-02-07 12:10:00'),  
(14, NULL, 7, '2025-02-07 12:15:00'), 
(15, NULL, 6, '2025-02-07 12:10:00'),  
(16, NULL, 5, '2025-02-07 12:15:00'), 
(17, NULL, 4, '2025-02-07 12:10:00'),  
(18, NULL, 3, '2025-02-07 12:15:00'), 
(19, NULL, 2, '2025-02-07 12:10:00'),  
(20, NULL, 1, '2025-02-07 12:15:00'), 
(21, NULL, 10, '2025-02-07 12:10:00'),  
(22, NULL, 9, '2025-02-07 12:15:00'), 
(23, NULL, 8, '2025-02-07 12:10:00'),  
(24, NULL, 7, '2025-02-07 12:15:00'), 
(25, NULL, 6, '2025-02-07 12:10:00'),  
(26, NULL, 5, '2025-02-07 12:15:00'), 
(27, NULL, 4, '2025-02-07 12:10:00'),  
(28, NULL, 3, '2025-02-07 12:15:00'), 
(29, NULL, 2, '2025-02-07 12:10:00'),  
(30, NULL, 1, '2025-02-07 12:15:00');



INSERT INTO follower_group (date, id_followed_id_user, id_follower_id_user) VALUES
('2025-02-07 12:30:00', 1, 15), 
('2025-02-07 12:35:00', 1, 6), 
('2025-02-07 12:40:00', 1, 2),
('2025-02-07 12:45:00', 1, 3), 
('2025-02-07 12:50:00', 1, 4),
('2025-02-07 12:55:00', 1, 5), 
('2025-02-07 12:30:00', 2, 14), 
('2025-02-07 12:35:00', 2, 1), 
('2025-02-07 12:40:00', 2, 16),
('2025-02-07 12:45:00', 2, 3), 
('2025-02-07 12:50:00', 2, 4),
('2025-02-07 12:55:00', 2, 5),
('2025-02-07 12:40:00', 2, 6),
('2025-02-07 12:45:00', 2, 7), 
('2025-02-07 12:50:00', 2, 8),
('2025-02-07 12:55:00', 2, 9),
('2025-02-07 12:40:00', 2, 10),
('2025-02-07 12:45:00', 2, 11), 
('2025-02-07 12:50:00', 2, 12),
('2025-02-07 12:55:00', 2, 13),

('2025-02-07 12:30:00', 3, 14), 
('2025-02-07 12:35:00', 3, 1), 
('2025-02-07 12:40:00', 3, 2),
('2025-02-07 12:45:00', 3, 13), 
('2025-02-07 12:50:00', 3, 4),
('2025-02-07 12:55:00', 4, 5),
('2025-02-07 12:40:00', 4, 6),
('2025-02-07 12:45:00', 4, 7), 
('2025-02-07 12:50:00', 4, 8),
('2025-02-07 12:55:00', 5, 9),
('2025-02-07 12:40:00', 5, 10),
('2025-02-07 12:45:00', 5, 11), 
('2025-02-07 12:50:00', 5, 12),
('2025-02-07 12:55:00', 6, 13);




